{"cameraMode":{"drawMode":0,"name":"Shaded","section":"Shading Mode"},"sceneLighting":false,"audioPlay":false,"sceneViewState":{"showFog":true,"showMaterialUpdate":false,"showSkybox":true,"showFlares":true,"showImageEffects":true,"showParticleSystems":true},"in2DMode":false,"pivot":{"x":-11.414875984191895,"y":-9.906553268432618,"z":-13.055704116821289},"rotation":{"x":0.08639373630285263,"y":-0.9095632433891296,"z":0.23886720836162568,"w":0.3290478587150574},"size":22.0,"orthographic":false}