{"cameraMode":{"drawMode":0,"name":"Shaded","section":"Shading Mode"},"sceneLighting":false,"audioPlay":false,"sceneViewState":{"showFog":true,"showMaterialUpdate":false,"showSkybox":true,"showFlares":true,"showImageEffects":true,"showParticleSystems":true},"in2DMode":false,"pivot":{"x":4.052265644073486,"y":3.9192957878112795,"z":-4.991359233856201},"rotation":{"x":-0.17963185906410218,"y":0.3352871537208557,"z":-0.06528986245393753,"w":-0.9225392937660217},"size":2.5578837394714357,"orthographic":false}