{"cameraMode":{"drawMode":0,"name":"Shaded","section":"Shading Mode"},"sceneLighting":false,"audioPlay":false,"sceneViewState":{"showFog":true,"showMaterialUpdate":false,"showSkybox":true,"showFlares":true,"showImageEffects":true,"showParticleSystems":true},"in2DMode":false,"pivot":{"x":-0.029317816719412805,"y":0.015098422765731812,"z":-0.20530277490615846},"rotation":{"x":0.06864013522863388,"y":-0.017068730667233468,"z":-0.001123463618569076,"w":-0.9976826906204224},"size":0.8354933261871338,"orthographic":false}