{"cameraMode":{"drawMode":0,"name":"Shaded","section":"Shading Mode"},"sceneLighting":false,"audioPlay":false,"sceneViewState":{"showFog":true,"showMaterialUpdate":false,"showSkybox":true,"showFlares":true,"showImageEffects":true,"showParticleSystems":true},"in2DMode":false,"pivot":{"x":11.230091094970704,"y":-9.827750205993653,"z":11.789320945739746},"rotation":{"x":0.24415984749794007,"y":0.35344335436820986,"z":-0.09610807150602341,"w":0.8979116678237915},"size":22.0,"orthographic":false}