{"cameraMode":{"drawMode":0,"name":"Shaded","section":"Shading Mode"},"sceneLighting":false,"audioPlay":false,"sceneViewState":{"showFog":true,"showMaterialUpdate":false,"showSkybox":true,"showFlares":true,"showImageEffects":true,"showParticleSystems":true},"in2DMode":false,"pivot":{"x":1.0255173444747925,"y":-0.1311708390712738,"z":0.32051539421081545},"rotation":{"x":0.07221376895904541,"y":0.7609531879425049,"z":0.0855640396475792,"w":-0.639237105846405},"size":2.8578836917877199,"orthographic":false}