{"cameraMode":{"drawMode":0,"name":"Shaded","section":"Shading Mode"},"sceneLighting":false,"audioPlay":false,"sceneViewState":{"showFog":true,"showMaterialUpdate":false,"showSkybox":true,"showFlares":true,"showImageEffects":true,"showParticleSystems":true},"in2DMode":false,"pivot":{"x":-0.40915846824645998,"y":-1.3050647974014283,"z":1.8991034030914307},"rotation":{"x":0.014780653640627861,"y":0.44433724880218508,"z":-0.0073320819064974789,"w":0.8957130312919617},"size":2.8578836917877199,"orthographic":false}