{"cameraMode":{"drawMode":0,"name":"Shaded","section":"Shading Mode"},"sceneLighting":false,"audioPlay":false,"sceneViewState":{"showFog":true,"showMaterialUpdate":false,"showSkybox":true,"showFlares":true,"showImageEffects":true,"showParticleSystems":true},"in2DMode":false,"pivot":{"x":-50000.28125,"y":-12499.3076171875,"z":-0.5077066421508789},"rotation":{"x":-0.04854666441679001,"y":0.29143550992012026,"z":-0.014869694598019123,"w":-0.9552650451660156},"size":3.771027088165283,"orthographic":false}