{"cameraMode":{"drawMode":0,"name":"Shaded","section":"Shading Mode"},"sceneLighting":false,"audioPlay":false,"sceneViewState":{"showFog":true,"showMaterialUpdate":false,"showSkybox":true,"showFlares":true,"showImageEffects":true,"showParticleSystems":true},"in2DMode":false,"pivot":{"x":-0.6544217467308044,"y":3.448847770690918,"z":-4.973222255706787},"rotation":{"x":0.0015808554599061609,"y":0.994327187538147,"z":-0.10660838335752487,"w":0.012180224992334843},"size":2.8578836917877199,"orthographic":false}