{"cameraMode":{"drawMode":0,"name":"Shaded","section":"Shading Mode"},"sceneLighting":false,"audioPlay":false,"sceneViewState":{"showFog":true,"showMaterialUpdate":false,"showSkybox":true,"showFlares":true,"showImageEffects":true,"showParticleSystems":true},"in2DMode":false,"pivot":{"x":0.04514117166399956,"y":-0.6540975570678711,"z":0.9718453884124756},"rotation":{"x":-0.12859493494033814,"y":-0.027652936056256295,"z":0.003598152892664075,"w":-0.9913293719291687},"size":3.3621551990509035,"orthographic":false}