{"cameraMode":{"drawMode":0,"name":"Shaded","section":"Shading Mode"},"sceneLighting":false,"audioPlay":false,"sceneViewState":{"showFog":true,"showMaterialUpdate":false,"showSkybox":true,"showFlares":true,"showImageEffects":true,"showParticleSystems":true},"in2DMode":false,"pivot":{"x":0.5524570345878601,"y":0.3793928623199463,"z":1.595935583114624},"rotation":{"x":0.11348982155323029,"y":0.8814822435379028,"z":-0.2700771987438202,"w":0.3704022765159607},"size":22.0,"orthographic":false}