{"cameraMode":{"drawMode":0,"name":"Shaded","section":"Shading Mode"},"sceneLighting":false,"audioPlay":false,"sceneViewState":{"showFog":true,"showMaterialUpdate":false,"showSkybox":true,"showFlares":true,"showImageEffects":true,"showParticleSystems":true},"in2DMode":false,"pivot":{"x":0.22007259726524354,"y":-0.509032666683197,"z":0.49322664737701418},"rotation":{"x":-0.4727521538734436,"y":0.0008490009349770844,"z":-0.00031594731262885034,"w":-0.8814111948013306},"size":1.6709866523742676,"orthographic":false}