{"cameraMode":{"drawMode":0,"name":"Shaded","section":"Shading Mode"},"sceneLighting":false,"audioPlay":false,"sceneViewState":{"showFog":true,"showMaterialUpdate":false,"showSkybox":true,"showFlares":true,"showImageEffects":true,"showParticleSystems":true},"in2DMode":false,"pivot":{"x":1.04207181930542,"y":0.7295190095901489,"z":-0.05575032904744148},"rotation":{"x":-0.17577247321605683,"y":0.5591760873794556,"z":-0.12320667505264282,"w":-0.8009189963340759},"size":0.04390362650156021,"orthographic":false}