{"cameraMode":{"drawMode":0,"name":"Shaded","section":"Shading Mode"},"sceneLighting":false,"audioPlay":false,"sceneViewState":{"showFog":true,"showMaterialUpdate":false,"showSkybox":true,"showFlares":true,"showImageEffects":true,"showParticleSystems":true},"in2DMode":false,"pivot":{"x":-6.247335433959961,"y":3.5487606525421144,"z":-8.516770362854004},"rotation":{"x":-0.14104072749614716,"y":-0.4356963336467743,"z":0.06932875514030457,"w":-0.8862879276275635},"size":2.5578837394714357,"orthographic":false}