{"cameraMode":{"drawMode":0,"name":"Shaded","section":"Shading Mode"},"sceneLighting":false,"audioPlay":false,"sceneViewState":{"showFog":true,"showMaterialUpdate":false,"showSkybox":true,"showFlares":true,"showImageEffects":true,"showParticleSystems":true},"in2DMode":false,"pivot":{"x":-36.21830368041992,"y":7.9893083572387699,"z":-31.325435638427736},"rotation":{"x":-0.15887244045734406,"y":0.5849454402923584,"z":-0.11902281641960144,"w":-0.786572277545929},"size":23.334524154663087,"orthographic":false}