{"cameraMode":{"drawMode":0,"name":"Shaded","section":"Shading Mode"},"sceneLighting":false,"audioPlay":false,"sceneViewState":{"showFog":true,"showMaterialUpdate":false,"showSkybox":true,"showFlares":true,"showImageEffects":true,"showParticleSystems":true},"in2DMode":false,"pivot":{"x":-2.472344398498535,"y":-1.287537693977356,"z":12.568522453308106},"rotation":{"x":-0.0021494808606803419,"y":-0.9977158904075623,"z":0.05724173039197922,"w":-0.03682360053062439},"size":2.5578837394714357,"orthographic":false}