{"cameraMode":{"drawMode":0,"name":"Shaded","section":"Shading Mode"},"sceneLighting":false,"audioPlay":false,"sceneViewState":{"showFog":true,"showMaterialUpdate":false,"showSkybox":true,"showFlares":true,"showImageEffects":true,"showParticleSystems":true},"in2DMode":false,"pivot":{"x":-0.8754143714904785,"y":-0.3176109790802002,"z":-0.7191629409790039},"rotation":{"x":-0.09337712079286576,"y":0.8933919668197632,"z":-0.21896398067474366,"w":-0.38146403431892397},"size":4.298643112182617,"orthographic":false}