{"cameraMode":{"drawMode":0,"name":"Shaded","section":"Shading Mode"},"sceneLighting":false,"audioPlay":false,"sceneViewState":{"showFog":true,"showMaterialUpdate":false,"showSkybox":true,"showFlares":true,"showImageEffects":true,"showParticleSystems":true},"in2DMode":false,"pivot":{"x":1.236567497253418,"y":-3.7292375564575197,"z":-12.182559967041016},"rotation":{"x":0.00043161059147678316,"y":0.9605185985565186,"z":-0.2786067724227905,"w":0.00017132479115389287},"size":22.0,"orthographic":false}