{"cameraMode":{"drawMode":0,"name":"Shaded","section":"Shading Mode"},"sceneLighting":false,"audioPlay":false,"sceneViewState":{"showFog":true,"showMaterialUpdate":false,"showSkybox":true,"showFlares":true,"showImageEffects":true,"showParticleSystems":true},"in2DMode":false,"pivot":{"x":17.210506439208986,"y":-1.2516926527023316,"z":-10.078556060791016},"rotation":{"x":-0.03571410849690437,"y":-0.9549688100814819,"z":0.1285506784915924,"w":-0.2652076184749603},"size":22.0,"orthographic":false}