{"cameraMode":{"drawMode":0,"name":"Shaded","section":"Shading Mode"},"sceneLighting":false,"audioPlay":false,"sceneViewState":{"showFog":true,"showMaterialUpdate":false,"showSkybox":true,"showFlares":true,"showImageEffects":true,"showParticleSystems":true},"in2DMode":false,"pivot":{"x":0.565594494342804,"y":0.15638470649719239,"z":0.8507177233695984},"rotation":{"x":-0.23276451230049134,"y":-0.17339666187763215,"z":0.04222700372338295,"w":-0.9560868740081787},"size":2.8578836917877199,"orthographic":false}