{"cameraMode":{"drawMode":0,"name":"Shaded","section":"Shading Mode"},"sceneLighting":false,"audioPlay":false,"sceneViewState":{"showFog":true,"showMaterialUpdate":false,"showSkybox":true,"showFlares":true,"showImageEffects":true,"showParticleSystems":true},"in2DMode":false,"pivot":{"x":0.0,"y":-1.210719347000122e-8,"z":0.004999995231628418},"rotation":{"x":-0.3063732385635376,"y":-0.598276674747467,"z":0.2654435634613037,"w":-0.6914165616035461},"size":0.34962883591651919,"orthographic":false}