{"cameraMode":{"drawMode":0,"name":"Shaded","section":"Shading Mode"},"sceneLighting":false,"audioPlay":false,"sceneViewState":{"showFog":true,"showMaterialUpdate":false,"showSkybox":true,"showFlares":true,"showImageEffects":true,"showParticleSystems":true},"in2DMode":false,"pivot":{"x":2.9594836235046388,"y":3.4903664588928224,"z":1.5996551513671876},"rotation":{"x":-0.1521623134613037,"y":0.8229712247848511,"z":-0.25999435782432558,"w":-0.481639564037323},"size":1.9578838348388672,"orthographic":false}