{"cameraMode":{"drawMode":0,"name":"Shaded","section":"Shading Mode"},"sceneLighting":false,"audioPlay":false,"sceneViewState":{"showFog":true,"showMaterialUpdate":false,"showSkybox":true,"showFlares":true,"showImageEffects":true,"showParticleSystems":true},"in2DMode":false,"pivot":{"x":0.22782346606254579,"y":0.7324937582015991,"z":0.18085023760795594},"rotation":{"x":0.2584633529186249,"y":-0.7280007004737854,"z":-0.3595302402973175,"w":-0.5234881043434143},"size":2.8578836917877199,"orthographic":false}