{"cameraMode":{"drawMode":0,"name":"Shaded","section":"Shading Mode"},"sceneLighting":false,"audioPlay":false,"sceneViewState":{"showFog":true,"showMaterialUpdate":false,"showSkybox":true,"showFlares":true,"showImageEffects":true,"showParticleSystems":true},"in2DMode":false,"pivot":{"x":-0.5801010131835938,"y":0.28440621495246889,"z":1.9614592790603638},"rotation":{"x":-0.07369265705347061,"y":0.04127977415919304,"z":-0.0030623176135122778,"w":-0.996608316898346},"size":2.8578836917877199,"orthographic":false}