{"cameraMode":{"drawMode":0,"name":"Shaded","section":"Shading Mode"},"sceneLighting":false,"audioPlay":false,"sceneViewState":{"showFog":true,"showMaterialUpdate":false,"showSkybox":true,"showFlares":true,"showImageEffects":true,"showParticleSystems":true},"in2DMode":false,"pivot":{"x":0.3928591310977936,"y":0.7372222542762756,"z":-0.909796953201294},"rotation":{"x":-0.11255074292421341,"y":0.021403267979621888,"z":-0.0027978764846920969,"w":-0.993526041507721},"size":0.04390362650156021,"orthographic":false}