{"cameraMode":{"drawMode":0,"name":"Shaded","section":"Shading Mode"},"sceneLighting":false,"audioPlay":false,"sceneViewState":{"showFog":true,"showMaterialUpdate":false,"showSkybox":true,"showFlares":true,"showImageEffects":true,"showParticleSystems":true},"in2DMode":false,"pivot":{"x":2.503817081451416,"y":3.7971882820129396,"z":-6.7593278884887699},"rotation":{"x":-0.0352436900138855,"y":0.9166622757911682,"z":-0.0830177441239357,"w":-0.38939738273620608},"size":0.10002550482749939,"orthographic":false}