{"cameraMode":{"drawMode":0,"name":"Shaded","section":"Shading Mode"},"sceneLighting":false,"audioPlay":false,"sceneViewState":{"showFog":true,"showMaterialUpdate":false,"showSkybox":true,"showFlares":true,"showImageEffects":true,"showParticleSystems":true},"in2DMode":false,"pivot":{"x":0.5524570345878601,"y":0.3793928623199463,"z":1.595935583114624},"rotation":{"x":-0.048286765813827518,"y":0.020048074424266816,"z":-0.000993021298199892,"w":-0.9987048506736755},"size":2.8578836917877199,"orthographic":false}