{"cameraMode":{"drawMode":0,"name":"Shaded","section":"Shading Mode"},"sceneLighting":false,"audioPlay":false,"sceneViewState":{"showFog":true,"showMaterialUpdate":false,"showSkybox":true,"showFlares":true,"showImageEffects":true,"showParticleSystems":true},"in2DMode":false,"pivot":{"x":9.219982147216797,"y":7.0150065422058109,"z":-14.042153358459473},"rotation":{"x":-0.0890011414885521,"y":-0.651223361492157,"z":0.07604025304317475,"w":-0.7499780654907227},"size":23.334524154663087,"orthographic":false}