{"cameraMode":{"drawMode":0,"name":"Shaded","section":"Shading Mode"},"sceneLighting":false,"audioPlay":false,"sceneViewState":{"showFog":true,"showMaterialUpdate":false,"showSkybox":true,"showFlares":true,"showImageEffects":true,"showParticleSystems":true},"in2DMode":false,"pivot":{"x":2.503817081451416,"y":3.7971882820129396,"z":-6.7593278884887699},"rotation":{"x":-0.17963185906410218,"y":0.3352871537208557,"z":-0.06528986245393753,"w":-0.9225392937660217},"size":0.2857885956764221,"orthographic":false}