{"cameraMode":{"drawMode":0,"name":"Shaded","section":"Shading Mode"},"sceneLighting":false,"audioPlay":false,"sceneViewState":{"showFog":true,"showMaterialUpdate":false,"showSkybox":true,"showFlares":true,"showImageEffects":true,"showParticleSystems":true},"in2DMode":false,"pivot":{"x":0.6801738739013672,"y":0.2745174169540405,"z":0.94140625},"rotation":{"x":-0.15887244045734406,"y":0.5849454402923584,"z":-0.11902281641960144,"w":-0.786572277545929},"size":0.2857884466648102,"orthographic":false}