{"cameraMode":{"drawMode":0,"name":"Shaded","section":"Shading Mode"},"sceneLighting":false,"audioPlay":false,"sceneViewState":{"showFog":true,"showMaterialUpdate":false,"showSkybox":true,"showFlares":true,"showImageEffects":true,"showParticleSystems":true},"in2DMode":false,"pivot":{"x":-1.766316533088684,"y":-2.9515039920806886,"z":1.991105556488037},"rotation":{"x":-0.3513052761554718,"y":0.27662694454193118,"z":-0.1095842644572258,"w":-0.887851893901825},"size":12.764341354370118,"orthographic":false}