{"cameraMode":{"drawMode":0,"name":"Shaded","section":"Shading Mode"},"sceneLighting":false,"audioPlay":false,"sceneViewState":{"showFog":true,"showMaterialUpdate":false,"showSkybox":true,"showFlares":true,"showImageEffects":true,"showParticleSystems":true},"in2DMode":false,"pivot":{"x":51.244293212890628,"y":30.540969848632814,"z":-43.596866607666019},"rotation":{"x":-0.3108067810535431,"y":0.22004224359989167,"z":0.07421063631772995,"w":0.9218540191650391},"size":22.0,"orthographic":false}