{"cameraMode":{"drawMode":0,"name":"Shaded","section":"Shading Mode"},"sceneLighting":false,"audioPlay":false,"sceneViewState":{"showFog":true,"showMaterialUpdate":false,"showSkybox":true,"showFlares":true,"showImageEffects":true,"showParticleSystems":true},"in2DMode":false,"pivot":{"x":-10.250370025634766,"y":11.104411125183106,"z":-16.068946838378908},"rotation":{"x":0.3143439292907715,"y":0.2966423034667969,"z":-0.1041179895401001,"w":0.8957725167274475},"size":22.0,"orthographic":false}