{"cameraMode":{"drawMode":0,"name":"Shaded","section":"Shading Mode"},"sceneLighting":false,"audioPlay":false,"sceneViewState":{"showFog":true,"showMaterialUpdate":false,"showSkybox":true,"showFlares":true,"showImageEffects":true,"showParticleSystems":true},"in2DMode":false,"pivot":{"x":0.33987438678741457,"y":0.3708592355251312,"z":1.5785553455352784},"rotation":{"x":-0.04971137270331383,"y":0.057472337037324908,"z":-0.002889429684728384,"w":-0.9971776008605957},"size":2.8578836917877199,"orthographic":false}