{"cameraMode":{"drawMode":0,"name":"Shaded","section":"Shading Mode"},"sceneLighting":false,"audioPlay":false,"sceneViewState":{"showFog":true,"showMaterialUpdate":false,"showSkybox":true,"showFlares":true,"showImageEffects":true,"showParticleSystems":true},"in2DMode":false,"pivot":{"x":0.9933069944381714,"y":-9.728361129760743,"z":7.6986799240112309},"rotation":{"x":-0.44283822178840639,"y":-0.08271729946136475,"z":0.04094882681965828,"w":-0.8919687867164612},"size":22.0,"orthographic":false}