{"cameraMode":{"drawMode":0,"name":"Shaded","section":"Shading Mode"},"sceneLighting":false,"audioPlay":false,"sceneViewState":{"showFog":true,"showMaterialUpdate":false,"showSkybox":true,"showFlares":true,"showImageEffects":true,"showParticleSystems":true},"in2DMode":false,"pivot":{"x":-0.45359092950820925,"y":3.7179813385009767,"z":-3.563077926635742},"rotation":{"x":-0.0688784271478653,"y":-0.10396325588226319,"z":0.007214120123535395,"w":-0.9921755194664002},"size":2.8578836917877199,"orthographic":false}