{"cameraMode":{"drawMode":0,"name":"Shaded","section":"Shading Mode"},"sceneLighting":true,"audioPlay":false,"sceneViewState":{"showFog":true,"showMaterialUpdate":false,"showSkybox":true,"showFlares":true,"showImageEffects":true,"showParticleSystems":true},"in2DMode":false,"pivot":{"x":-5967.53955078125,"y":-3736.19091796875,"z":4067.662841796875},"rotation":{"x":0.20944450795650483,"y":-0.4537270963191986,"z":0.11002064496278763,"w":0.8593260049819946},"size":8229.6201171875,"orthographic":false}