{"cameraMode":{"drawMode":0,"name":"Shaded","section":"Shading Mode"},"sceneLighting":false,"audioPlay":false,"sceneViewState":{"showFog":true,"showMaterialUpdate":false,"showSkybox":true,"showFlares":true,"showImageEffects":true,"showParticleSystems":true},"in2DMode":false,"pivot":{"x":10.349345207214356,"y":-5.712765216827393,"z":15.889601707458496},"rotation":{"x":0.09398828446865082,"y":-0.3168012201786041,"z":0.03156808763742447,"w":0.9433059096336365},"size":22.0,"orthographic":false}