{"cameraMode":{"drawMode":0,"name":"Shaded","section":"Shading Mode"},"sceneLighting":false,"audioPlay":false,"sceneViewState":{"showFog":true,"showMaterialUpdate":false,"showSkybox":true,"showFlares":true,"showImageEffects":true,"showParticleSystems":true},"in2DMode":false,"pivot":{"x":55.320526123046878,"y":-5.178808212280273,"z":4.473878860473633},"rotation":{"x":0.12455064058303833,"y":0.744522750377655,"z":-0.14497625827789308,"w":0.6396889090538025},"size":22.0,"orthographic":false}