{"cameraMode":{"drawMode":0,"name":"Shaded","section":"Shading Mode"},"sceneLighting":false,"audioPlay":false,"sceneViewState":{"showFog":true,"showMaterialUpdate":false,"showSkybox":true,"showFlares":true,"showImageEffects":true,"showParticleSystems":true},"in2DMode":false,"pivot":{"x":-0.23209883272647859,"y":-1.5297789573669434,"z":-0.9420099258422852},"rotation":{"x":-0.020985929295420648,"y":0.9430411458015442,"z":-0.32650715112686159,"w":-0.06062242016196251},"size":3.302062511444092,"orthographic":false}