{"cameraMode":{"drawMode":0,"name":"Shaded","section":"Shading Mode"},"sceneLighting":false,"audioPlay":false,"sceneViewState":{"showFog":true,"showMaterialUpdate":false,"showSkybox":true,"showFlares":true,"showImageEffects":true,"showParticleSystems":true},"in2DMode":false,"pivot":{"x":0.8531988859176636,"y":0.5966434478759766,"z":-0.004403398372232914},"rotation":{"x":0.19991756975650788,"y":-0.6654187440872192,"z":0.19192969799041749,"w":0.6931278109550476},"size":0.285788357257843,"orthographic":false}