{"cameraMode":{"drawMode":0,"name":"Shaded","section":"Shading Mode"},"sceneLighting":false,"audioPlay":false,"sceneViewState":{"showFog":true,"showMaterialUpdate":false,"showSkybox":true,"showFlares":true,"showImageEffects":true,"showParticleSystems":true},"in2DMode":false,"pivot":{"x":-0.27057600021362307,"y":-4.722165584564209,"z":-9.253049850463868},"rotation":{"x":0.00217244285158813,"y":0.9899505972862244,"z":-0.1408286690711975,"w":0.015146370977163315},"size":24.15878677368164,"orthographic":false}