{"cameraMode":{"drawMode":0,"name":"Shaded","section":"Shading Mode"},"sceneLighting":true,"audioPlay":false,"sceneViewState":{"showFog":true,"showMaterialUpdate":false,"showSkybox":true,"showFlares":true,"showImageEffects":true,"showParticleSystems":true},"in2DMode":false,"pivot":{"x":-0.9304174184799194,"y":2.8882293701171877,"z":2.042024850845337},"rotation":{"x":-0.07105424255132675,"y":-0.9279224872589111,"z":0.2783176898956299,"w":-0.23810087144374848},"size":1.2142105102539063,"orthographic":false}